Bacteria,Source,Bfragilis,Ecoli,Paeruginosa,ModelLabel,DataLabel,Seed
Ecoli,Ecoli001,0.19122083047766444,0.6231447045623159,0.18563446496001973,DIBaS,Reference,1
Ecoli,Ecoli002,0.16666302376718994,0.6461799231814901,0.18715705305132002,DIBaS,Reference,1
Ecoli,Ecoli003,0.22962313206691085,0.6048041564068368,0.16557271152625228,DIBaS,Reference,1
Ecoli,Ecoli004,0.2378690438991641,0.5777619827556952,0.1843689733451406,DIBaS,Reference,1
Ecoli,Ecoli005,0.24818918844146154,0.5650929273631679,0.1867178841953706,DIBaS,Reference,1
Ecoli,Ecoli006,0.20114443679270327,0.5845289987095331,0.21432656449776355,DIBaS,Reference,1
Ecoli,Ecoli007,0.16550098191942844,0.6614503400236181,0.1730486780569534,DIBaS,Reference,1
Ecoli,Ecoli008,0.21376614962720977,0.5261911122401587,0.26004273813263157,DIBaS,Reference,1
Ecoli,Ecoli009,0.2477696704073253,0.5806266686946081,0.17160366089806653,DIBaS,Reference,1
Ecoli,Ecoli010,0.24328146722742297,0.5679483861188205,0.18877014665375655,DIBaS,Reference,1
Ecoli,Ecoli011,0.28337513654792423,0.49876558863470793,0.21785927481736783,DIBaS,Reference,1
Ecoli,Ecoli012,0.2856599845270777,0.4794494473732053,0.23489056809971703,DIBaS,Reference,1
Ecoli,Ecoli013,0.27967843050732877,0.4476628338311574,0.27265873566151383,DIBaS,Reference,1
Ecoli,Ecoli014,0.2330244188331283,0.5918702616867811,0.1751053194800906,DIBaS,Reference,1
Ecoli,Ecoli015,0.2837682427763404,0.48756859521920565,0.2286631620044539,DIBaS,Reference,1
Ecoli,Ecoli016,0.2521345797508775,0.5376123005156006,0.21025311973352187,DIBaS,Reference,1
Ecoli,Ecoli017,0.2296502367274809,0.5617447050939404,0.20860505817857877,DIBaS,Reference,1
Ecoli,Ecoli018,0.2764380688194932,0.5319972686709449,0.19156466250956192,DIBaS,Reference,1
Ecoli,Ecoli019,0.2882536525053962,0.46427313479003346,0.24747321270457034,DIBaS,Reference,1
Ecoli,Ecoli020,0.23786052115054346,0.5719875293907722,0.19015194945868433,DIBaS,Reference,1
Ecoli,Ecoli021,0.26074431503600887,0.5212012324220597,0.21805445254193145,DIBaS,Reference,1
Ecoli,Ecoli022,0.2819301609407932,0.5053434095209135,0.2127264295382933,DIBaS,Reference,1
Ecoli,Ecoli023,0.25918974264629624,0.5623798995456174,0.17843035780808641,DIBaS,Reference,1
Ecoli,Ecoli024,0.2534624572369201,0.5690868664343479,0.17745067632873193,DIBaS,Reference,1
Ecoli,Ecoli025,0.24325506370982042,0.5828843001024433,0.1738606361877363,DIBaS,Reference,1
Ecoli,Ecoli026,0.2644520017464323,0.5357497964246799,0.19979820182888783,DIBaS,Reference,1
Ecoli,Ecoli027,0.2731877959202755,0.5123505714859639,0.21446163259376064,DIBaS,Reference,1
Ecoli,Ecoli028,0.27208193549838433,0.5415058357331551,0.18641222876846059,DIBaS,Reference,1
Ecoli,Ecoli029,0.23890491020472493,0.5831844479221701,0.17791064187310499,DIBaS,Reference,1
Ecoli,Ecoli030,0.2623561689498936,0.5713134988212911,0.16633033222881524,DIBaS,Reference,1
Paeruginosa,Paeruginosa001,0.2318338277822582,0.590873665847656,0.1772925063700858,DIBaS,Reference,1
Paeruginosa,Paeruginosa002,0.26235495542638243,0.5498745567327303,0.18777048784088718,DIBaS,Reference,1
Paeruginosa,Paeruginosa003,0.2549232585131265,0.5676191011811708,0.17745764030570266,DIBaS,Reference,1
Paeruginosa,Paeruginosa004,0.2693882941272061,0.5895955848226633,0.14101612105013067,DIBaS,Reference,1
Paeruginosa,Paeruginosa005,0.2685721965890519,0.570825143395118,0.16060266001583007,DIBaS,Reference,1
Paeruginosa,Paeruginosa006,0.2558315766711063,0.5840619364967584,0.16010648683213535,DIBaS,Reference,1
Paeruginosa,Paeruginosa007,0.29015686141344404,0.5460996004182076,0.16374353816834838,DIBaS,Reference,1
Paeruginosa,Paeruginosa008,0.25813933125813193,0.5819635801676503,0.15989708857421783,DIBaS,Reference,1
Paeruginosa,Paeruginosa009,0.23119409664827742,0.6048378886942174,0.16396801465750516,DIBaS,Reference,1
Paeruginosa,Paeruginosa010,0.24738870379147176,0.5789065319367197,0.17370476427180848,DIBaS,Reference,1
Paeruginosa,Paeruginosa011,0.26934964837823294,0.5538260763193535,0.17682427530241349,DIBaS,Reference,1
Paeruginosa,Paeruginosa012,0.2419845111550683,0.5983417767145656,0.15967371213036616,DIBaS,Reference,1
Paeruginosa,Paeruginosa013,0.23940347108609547,0.5896906814130083,0.17090584750089619,DIBaS,Reference,1
Paeruginosa,Paeruginosa014,0.25029199988984624,0.565007189095051,0.1847008110151028,DIBaS,Reference,1
Paeruginosa,Paeruginosa015,0.20830107120026753,0.6212552440689215,0.17044368473081092,DIBaS,Reference,1
Paeruginosa,Paeruginosa016,0.25763094300613537,0.5817015078968648,0.16066754909699976,DIBaS,Reference,1
Paeruginosa,Paeruginosa017,0.27133230584828544,0.5496151937817706,0.17905250036994397,DIBaS,Reference,1
Paeruginosa,Paeruginosa018,0.2830559238853088,0.5515473361246056,0.16539673999008558,DIBaS,Reference,1
Paeruginosa,Paeruginosa019,0.2894317645236449,0.5349291539987308,0.1756390814776244,DIBaS,Reference,1
Paeruginosa,Paeruginosa020,0.22372010022640565,0.5961660076464664,0.1801138921271279,DIBaS,Reference,1
Paeruginosa,Paeruginosa021,0.29444242526833525,0.5311023682398167,0.17445520649184804,DIBaS,Reference,1
Paeruginosa,Paeruginosa022,0.2842362070827442,0.5579968332522316,0.15776695966502416,DIBaS,Reference,1
Paeruginosa,Paeruginosa023,0.2834362504475337,0.5449476174065978,0.17161613214586857,DIBaS,Reference,1
Paeruginosa,Paeruginosa024,0.2941541486515629,0.5498245379193658,0.15602131342907133,DIBaS,Reference,1
Paeruginosa,Paeruginosa025,0.29831942590826505,0.5501716975749646,0.15150887651677025,DIBaS,Reference,1
Paeruginosa,Paeruginosa026,0.2588122500212449,0.5721034851001064,0.1690842648786486,DIBaS,Reference,1
Paeruginosa,Paeruginosa027,0.21066077587662044,0.6233801748684226,0.16595904925495697,DIBaS,Reference,1
Paeruginosa,Paeruginosa028,0.2542560133947779,0.5760836689241506,0.16966031768107148,DIBaS,Reference,1
Paeruginosa,Paeruginosa029,0.25540253980931954,0.5778473305923427,0.1667501295983378,DIBaS,Reference,1
Paeruginosa,Paeruginosa030,0.23035316456034452,0.5683882143782343,0.20125862106142114,DIBaS,Reference,1
Ecoli,Ecoli001,0.24600463295300742,0.5229950676754042,0.23100029937158836,DIBaS,Reference,2
Ecoli,Ecoli002,0.19480419354420717,0.5679161036275191,0.2372797028282737,DIBaS,Reference,2
Ecoli,Ecoli003,0.27671499484240913,0.5282865323492778,0.1949984728083131,DIBaS,Reference,2
Ecoli,Ecoli004,0.25519432093102695,0.5382004618507958,0.20660521721817726,DIBaS,Reference,2
Ecoli,Ecoli005,0.3031826957369971,0.4978178733610781,0.19899943090192485,DIBaS,Reference,2
Ecoli,Ecoli006,0.22997383392960133,0.5236411631328199,0.24638500293757876,DIBaS,Reference,2
Ecoli,Ecoli007,0.17365160286762088,0.5923604019374354,0.23398799519494373,DIBaS,Reference,2
Ecoli,Ecoli008,0.24277685940231758,0.4480148458437297,0.30920829475395273,DIBaS,Reference,2
Ecoli,Ecoli009,0.299608714310428,0.5094638698851341,0.19092741580443784,DIBaS,Reference,2
Ecoli,Ecoli010,0.291964101358457,0.5032529736926152,0.2047829249489278,DIBaS,Reference,2
Ecoli,Ecoli011,0.32107941811503976,0.4421353695003867,0.23678521238457356,DIBaS,Reference,2
Ecoli,Ecoli012,0.3230418421181516,0.4138426487262083,0.2631155091556401,DIBaS,Reference,2
Ecoli,Ecoli013,0.3271476708295522,0.3823629321946087,0.29048939697583914,DIBaS,Reference,2
Ecoli,Ecoli014,0.2731512623007025,0.5129101856659057,0.21393855203339177,DIBaS,Reference,2
Ecoli,Ecoli015,0.317785606172525,0.42345876778260577,0.2587556260448692,DIBaS,Reference,2
Ecoli,Ecoli016,0.2809044370645081,0.47830631036984883,0.2407892525656431,DIBaS,Reference,2
Ecoli,Ecoli017,0.2585493916467696,0.4922878566396324,0.24916275171359795,DIBaS,Reference,2
Ecoli,Ecoli018,0.3268903433407314,0.4652368976223332,0.20787275903693533,DIBaS,Reference,2
Ecoli,Ecoli019,0.3233139649701966,0.4124642221003423,0.2642218129294611,DIBaS,Reference,2
Ecoli,Ecoli020,0.2853981736711269,0.5000613436387015,0.21454048269017156,DIBaS,Reference,2
Ecoli,Ecoli021,0.2826403156170661,0.48310461213502304,0.23425507224791087,DIBaS,Reference,2
Ecoli,Ecoli022,0.32807107938689456,0.4336125924301032,0.23831632818300225,DIBaS,Reference,2
Ecoli,Ecoli023,0.3027772267242269,0.48940041638756493,0.2078223568882082,DIBaS,Reference,2
Ecoli,Ecoli024,0.30250184697973276,0.4972715438312214,0.20022660918904586,DIBaS,Reference,2
Ecoli,Ecoli025,0.2912039509182032,0.5092826170236049,0.19951343205819186,DIBaS,Reference,2
Ecoli,Ecoli026,0.3144791327311505,0.460270662390952,0.2252502048778975,DIBaS,Reference,2
Ecoli,Ecoli027,0.3168595626830637,0.46265886330316264,0.22048157401377366,DIBaS,Reference,2
Ecoli,Ecoli028,0.3111119224522902,0.4740251531513003,0.21486292439640955,DIBaS,Reference,2
Ecoli,Ecoli029,0.27336106300205876,0.5188302204655258,0.20780871653241545,DIBaS,Reference,2
Ecoli,Ecoli030,0.2999442200691999,0.5159297101261964,0.18412606980460372,DIBaS,Reference,2
Paeruginosa,Paeruginosa001,0.29163538191948796,0.5218979416018158,0.18646667647869622,DIBaS,Reference,2
Paeruginosa,Paeruginosa002,0.325364079763093,0.47556389088689655,0.1990720293500104,DIBaS,Reference,2
Paeruginosa,Paeruginosa003,0.32265052145439455,0.4841235198111049,0.19322595873450052,DIBaS,Reference,2
Paeruginosa,Paeruginosa004,0.32694971131037637,0.5287446703911964,0.14430561829842725,DIBaS,Reference,2
Paeruginosa,Paeruginosa005,0.33410716240726285,0.4967128754269182,0.16917996216581896,DIBaS,Reference,2
Paeruginosa,Paeruginosa006,0.32013107391566464,0.5082609584120134,0.17160796767232206,DIBaS,Reference,2
Paeruginosa,Paeruginosa007,0.35066749505204997,0.48064812346350466,0.16868438148444537,DIBaS,Reference,2
Paeruginosa,Paeruginosa008,0.32908433429933864,0.49925270994826004,0.17166295575240131,DIBaS,Reference,2
Paeruginosa,Paeruginosa009,0.2953289212441307,0.5212803939796236,0.18339068477624576,DIBaS,Reference,2
Paeruginosa,Paeruginosa010,0.3019426585567978,0.4999973616498998,0.19805997979330242,DIBaS,Reference,2
Paeruginosa,Paeruginosa011,0.3337042637619105,0.48219935241111245,0.18409638382697707,DIBaS,Reference,2
Paeruginosa,Paeruginosa012,0.3221681007177473,0.5066048696159136,0.17122702966633913,DIBaS,Reference,2
Paeruginosa,Paeruginosa013,0.3077322942297782,0.5028711879426337,0.18939651782758804,DIBaS,Reference,2
Paeruginosa,Paeruginosa014,0.31094814367671886,0.4897697820403699,0.19928207428291123,DIBaS,Reference,2
Paeruginosa,Paeruginosa015,0.2617766873852078,0.5431714311322576,0.19505188148253458,DIBaS,Reference,2
Paeruginosa,Paeruginosa016,0.3274564181278687,0.49562757933065893,0.17691600254147238,DIBaS,Reference,2
Paeruginosa,Paeruginosa017,0.33812319757230436,0.46495005435982584,0.19692674806786986,DIBaS,Reference,2
Paeruginosa,Paeruginosa018,0.33014423847861374,0.4914492077361847,0.1784065537852015,DIBaS,Reference,2
Paeruginosa,Paeruginosa019,0.34229653375863267,0.4782991912530888,0.17940427498827854,DIBaS,Reference,2
Paeruginosa,Paeruginosa020,0.29125556031566874,0.5151275254053579,0.19361691427897332,DIBaS,Reference,2
Paeruginosa,Paeruginosa021,0.3529825869716325,0.4687709208902922,0.17824649213807534,DIBaS,Reference,2
Paeruginosa,Paeruginosa022,0.3469951592721692,0.4832454184603072,0.16975942226752364,DIBaS,Reference,2
Paeruginosa,Paeruginosa023,0.3474728221591379,0.4637954364850479,0.1887317413558142,DIBaS,Reference,2
Paeruginosa,Paeruginosa024,0.3570615476725636,0.482969430253739,0.1599690220736974,DIBaS,Reference,2
Paeruginosa,Paeruginosa025,0.34877202414899816,0.4841835286916034,0.1670444471593984,DIBaS,Reference,2
Paeruginosa,Paeruginosa026,0.3291907239528281,0.5070462987161627,0.1637629773310092,DIBaS,Reference,2
Paeruginosa,Paeruginosa027,0.27408341226765076,0.5369463443841178,0.18897024334823143,DIBaS,Reference,2
Paeruginosa,Paeruginosa028,0.31886103224272855,0.5084518081705993,0.1726871595866721,DIBaS,Reference,2
Paeruginosa,Paeruginosa029,0.333751677216209,0.48248849856161097,0.18375982422217998,DIBaS,Reference,2
Paeruginosa,Paeruginosa030,0.2828999227129065,0.50307917251305,0.21402090477404354,DIBaS,Reference,2
Ecoli,Ecoli001,0.20284900039449505,0.5568993073959819,0.24025169220952308,DIBaS,Reference,3
Ecoli,Ecoli002,0.16306817049921302,0.6185736842963099,0.2183581452044771,DIBaS,Reference,3
Ecoli,Ecoli003,0.2515926202748377,0.558550718534716,0.18985666119044625,DIBaS,Reference,3
Ecoli,Ecoli004,0.23759077537024073,0.5422431738249278,0.2201660508048315,DIBaS,Reference,3
Ecoli,Ecoli005,0.2655840351400474,0.5238820438922873,0.2105339209676653,DIBaS,Reference,3
Ecoli,Ecoli006,0.1750983700092687,0.5621325978815309,0.2627690321092004,DIBaS,Reference,3
Ecoli,Ecoli007,0.10064711038711505,0.6370327266431828,0.2623201629697022,DIBaS,Reference,3
Ecoli,Ecoli008,0.15912148102202553,0.5192040447099409,0.3216744742680336,DIBaS,Reference,3
Ecoli,Ecoli009,0.2496711353163887,0.5431292646680851,0.20719960001552615,DIBaS,Reference,3
Ecoli,Ecoli010,0.24125650576971183,0.5366738710209527,0.22206962320933546,DIBaS,Reference,3
Ecoli,Ecoli011,0.29524992849099524,0.46387366815341485,0.24087640335558988,DIBaS,Reference,3
Ecoli,Ecoli012,0.3082453346152886,0.426527567339192,0.2652270980455194,DIBaS,Reference,3
Ecoli,Ecoli013,0.3006990373181298,0.4033897471168228,0.2959112155650474,DIBaS,Reference,3
Ecoli,Ecoli014,0.23234477596287345,0.5486747131694553,0.21898051086767126,DIBaS,Reference,3
Ecoli,Ecoli015,0.2848908936496335,0.46486130420791494,0.25024780214245157,DIBaS,Reference,3
Ecoli,Ecoli016,0.25596823856614687,0.4980072601282389,0.2460245013056142,DIBaS,Reference,3
Ecoli,Ecoli017,0.22831844859588574,0.5193563034651703,0.252325247938944,DIBaS,Reference,3
Ecoli,Ecoli018,0.29597037566934253,0.5022989444657586,0.20173067986489887,DIBaS,Reference,3
Ecoli,Ecoli019,0.3002155537507588,0.43332709904024125,0.26645734720899994,DIBaS,Reference,3
Ecoli,Ecoli020,0.23018740272898514,0.5417156719345013,0.2280969253365135,DIBaS,Reference,3
Ecoli,Ecoli021,0.26780961081541177,0.49660498672319353,0.23558540246139473,DIBaS,Reference,3
Ecoli,Ecoli022,0.28911661877449973,0.466067150050856,0.24481623117464424,DIBaS,Reference,3
Ecoli,Ecoli023,0.26173158800292073,0.5254563441458129,0.21281206785126647,DIBaS,Reference,3
Ecoli,Ecoli024,0.24348744319391488,0.5391362841987493,0.2173762726073358,DIBaS,Reference,3
Ecoli,Ecoli025,0.25117471781628065,0.5264532936994308,0.22237198848428857,DIBaS,Reference,3
Ecoli,Ecoli026,0.2647295959623285,0.4962060950109165,0.23906430902675502,DIBaS,Reference,3
Ecoli,Ecoli027,0.2910202100202676,0.4888741444428369,0.22010564553689546,DIBaS,Reference,3
Ecoli,Ecoli028,0.2754947572364218,0.513264867633475,0.21124037513010321,DIBaS,Reference,3
Ecoli,Ecoli029,0.2274468010182528,0.5533907983128123,0.2191624006689348,DIBaS,Reference,3
Ecoli,Ecoli030,0.26755216316994657,0.5312048117502374,0.2012430250798161,DIBaS,Reference,3
Paeruginosa,Paeruginosa001,0.24533627881434364,0.573518321403891,0.1811453997817653,DIBaS,Reference,3
Paeruginosa,Paeruginosa002,0.29356560340083604,0.5200842354068254,0.18635016119233858,DIBaS,Reference,3
Paeruginosa,Paeruginosa003,0.26655398247140316,0.5543749010990522,0.17907111642954468,DIBaS,Reference,3
Paeruginosa,Paeruginosa004,0.27828710989108807,0.5699708930398094,0.15174199706910255,DIBaS,Reference,3
Paeruginosa,Paeruginosa005,0.27815488871024613,0.5475683629845892,0.17427674830516462,DIBaS,Reference,3
Paeruginosa,Paeruginosa006,0.2738142477862509,0.5576584318629118,0.1685273203508374,DIBaS,Reference,3
Paeruginosa,Paeruginosa007,0.29850894454097254,0.533626704981156,0.16786435047787143,DIBaS,Reference,3
Paeruginosa,Paeruginosa008,0.27425926578001086,0.5554681121793138,0.1702726220406753,DIBaS,Reference,3
Paeruginosa,Paeruginosa009,0.23366163988073513,0.5856403243801344,0.18069803573913049,DIBaS,Reference,3
Paeruginosa,Paeruginosa010,0.2638377837751223,0.5660877743101405,0.1700744419147372,DIBaS,Reference,3
Paeruginosa,Paeruginosa011,0.28726510532259386,0.5417321711962868,0.1710027234811193,DIBaS,Reference,3
Paeruginosa,Paeruginosa012,0.2509207305643519,0.5761948130960742,0.17288445633957386,DIBaS,Reference,3
Paeruginosa,Paeruginosa013,0.2474591262974761,0.5744503396443483,0.17809053405817557,DIBaS,Reference,3
Paeruginosa,Paeruginosa014,0.2716244510119658,0.5416349075604544,0.18674064142757985,DIBaS,Reference,3
Paeruginosa,Paeruginosa015,0.21395875032257863,0.6034050269469508,0.18263622273047064,DIBaS,Reference,3
Paeruginosa,Paeruginosa016,0.27209956961551085,0.5582275580677808,0.1696728723167084,DIBaS,Reference,3
Paeruginosa,Paeruginosa017,0.2745646005229353,0.5274083723835993,0.1980270270934654,DIBaS,Reference,3
Paeruginosa,Paeruginosa018,0.2891563888474805,0.543720826757567,0.16712278439495248,DIBaS,Reference,3
Paeruginosa,Paeruginosa019,0.2926321874757773,0.5211396751173106,0.18622813740691205,DIBaS,Reference,3
Paeruginosa,Paeruginosa020,0.23657156482955446,0.5752274325361458,0.18820100263429973,DIBaS,Reference,3
Paeruginosa,Paeruginosa021,0.3059045497001612,0.5125207717525854,0.1815746785472535,DIBaS,Reference,3
Paeruginosa,Paeruginosa022,0.291863102798054,0.542127231312243,0.16600966588970292,DIBaS,Reference,3
Paeruginosa,Paeruginosa023,0.30122400405422733,0.5236901973177057,0.17508579862806692,DIBaS,Reference,3
Paeruginosa,Paeruginosa024,0.31942843268571713,0.529161258557243,0.1514103087570398,DIBaS,Reference,3
Paeruginosa,Paeruginosa025,0.305943055243482,0.5403594953940792,0.1536974493624388,DIBaS,Reference,3
Paeruginosa,Paeruginosa026,0.29031781182496824,0.550947892964633,0.1587342952103988,DIBaS,Reference,3
Paeruginosa,Paeruginosa027,0.21912277144943731,0.6077899054247291,0.17308732312583358,DIBaS,Reference,3
Paeruginosa,Paeruginosa028,0.27040062168013845,0.562223057111637,0.16737632120822457,DIBaS,Reference,3
Paeruginosa,Paeruginosa029,0.27107214668732804,0.5513241760067764,0.17760367730589552,DIBaS,Reference,3
Paeruginosa,Paeruginosa030,0.2505009664635324,0.548243529226274,0.20125550431019365,DIBaS,Reference,3
Ecoli,Ecoli001,0.28913411221050983,0.48019419673893476,0.23067169105055538,DIBaS,Reference,4
Ecoli,Ecoli002,0.20491468508715197,0.5510480848911339,0.24403723002171412,DIBaS,Reference,4
Ecoli,Ecoli003,0.2841439737501993,0.5441029816909378,0.1717530445588628,DIBaS,Reference,4
Ecoli,Ecoli004,0.25142228781056297,0.5347989657482679,0.2137787464411691,DIBaS,Reference,4
Ecoli,Ecoli005,0.2724508716125808,0.5204239032166895,0.20712522517072962,DIBaS,Reference,4
Ecoli,Ecoli006,0.23295687566300707,0.5244834216986257,0.24255970263836724,DIBaS,Reference,4
Ecoli,Ecoli007,0.19090197474951676,0.5642899444337204,0.2448080808167629,DIBaS,Reference,4
Ecoli,Ecoli008,0.2472335170307869,0.4482373890886663,0.30452909388054683,DIBaS,Reference,4
Ecoli,Ecoli009,0.2958859406590384,0.5145303111841457,0.1895837481568158,DIBaS,Reference,4
Ecoli,Ecoli010,0.2919842189025191,0.5071683479353369,0.20084743316214396,DIBaS,Reference,4
Ecoli,Ecoli011,0.3212434629117437,0.44898442813781114,0.22977210895044514,DIBaS,Reference,4
Ecoli,Ecoli012,0.32753782005867293,0.4178481880941021,0.25461399184722494,DIBaS,Reference,4
Ecoli,Ecoli013,0.31911334096462,0.3928845274915917,0.28800213154378834,DIBaS,Reference,4
Ecoli,Ecoli014,0.27290313302050306,0.5270259815493992,0.20007088543009774,DIBaS,Reference,4
Ecoli,Ecoli015,0.31431305617294003,0.4214432296404786,0.2642437141865814,DIBaS,Reference,4
Ecoli,Ecoli016,0.27949765610363775,0.46872026303596437,0.2517820808603979,DIBaS,Reference,4
Ecoli,Ecoli017,0.28523894449210907,0.492146490772082,0.2226145647358089,DIBaS,Reference,4
Ecoli,Ecoli018,0.32095087287826185,0.4815929762805589,0.19745615084117926,DIBaS,Reference,4
Ecoli,Ecoli019,0.311450352688825,0.4307947500953118,0.25775489721586325,DIBaS,Reference,4
Ecoli,Ecoli020,0.2871881655447921,0.5014503464196961,0.21136148803551186,DIBaS,Reference,4
Ecoli,Ecoli021,0.3054978458508669,0.45921016982671514,0.23529198432241796,DIBaS,Reference,4
Ecoli,Ecoli022,0.3035353681374293,0.456573205359126,0.23989142650344472,DIBaS,Reference,4
Ecoli,Ecoli023,0.3045034048306929,0.4957956277021684,0.19970096746713872,DIBaS,Reference,4
Ecoli,Ecoli024,0.29054552932888833,0.49077930377126006,0.21867516689985161,DIBaS,Reference,4
Ecoli,Ecoli025,0.29265299626621144,0.5156021214575723,0.19174488227621622,DIBaS,Reference,4
Ecoli,Ecoli026,0.2978240486575098,0.47065360814090995,0.2315223432015803,DIBaS,Reference,4
Ecoli,Ecoli027,0.29690333311963696,0.4801081898429789,0.22298847703738411,DIBaS,Reference,4
Ecoli,Ecoli028,0.30630958262026275,0.4915802854338223,0.20211013194591496,DIBaS,Reference,4
Ecoli,Ecoli029,0.2731200808254596,0.5255742448734906,0.20130567430104984,DIBaS,Reference,4
Ecoli,Ecoli030,0.2950784914498649,0.5346322792860114,0.17028922926412365,DIBaS,Reference,4
Paeruginosa,Paeruginosa001,0.28819837788352176,0.5247614230642729,0.18704019905220542,DIBaS,Reference,4
Paeruginosa,Paeruginosa002,0.3193645492063222,0.4946967153722728,0.18593873542140507,DIBaS,Reference,4
Paeruginosa,Paeruginosa003,0.3097466578382738,0.5017780575040269,0.18847528465769928,DIBaS,Reference,4
Paeruginosa,Paeruginosa004,0.32494668699407464,0.527953735574778,0.1470995774311474,DIBaS,Reference,4
Paeruginosa,Paeruginosa005,0.32466682578199463,0.5166151240315886,0.15871805018641671,DIBaS,Reference,4
Paeruginosa,Paeruginosa006,0.3162805619190363,0.5211166876726097,0.162602750408354,DIBaS,Reference,4
Paeruginosa,Paeruginosa007,0.3297974035694073,0.5045672595283699,0.1656353369022228,DIBaS,Reference,4
Paeruginosa,Paeruginosa008,0.3142808197428642,0.5203377883516865,0.16538139190544926,DIBaS,Reference,4
Paeruginosa,Paeruginosa009,0.2803598075064654,0.5440825209925537,0.1755576715009809,DIBaS,Reference,4
Paeruginosa,Paeruginosa010,0.30110460918553594,0.5081013811198906,0.19079400969457352,DIBaS,Reference,4
Paeruginosa,Paeruginosa011,0.3203067442758931,0.5022505424327536,0.17744271329135328,DIBaS,Reference,4
Paeruginosa,Paeruginosa012,0.3043352369576089,0.5243533341564061,0.171311428885985,DIBaS,Reference,4
Paeruginosa,Paeruginosa013,0.2875679764014497,0.5339400284076384,0.17849199519091188,DIBaS,Reference,4
Paeruginosa,Paeruginosa014,0.30071159745439563,0.4992113558598916,0.20007704668571274,DIBaS,Reference,4
Paeruginosa,Paeruginosa015,0.26533240732290997,0.5501395077397955,0.18452808493729456,DIBaS,Reference,4
Paeruginosa,Paeruginosa016,0.3168679610630472,0.5139293886286048,0.169202650308348,DIBaS,Reference,4
Paeruginosa,Paeruginosa017,0.3268609572268673,0.4813404783371433,0.19179856443598942,DIBaS,Reference,4
Paeruginosa,Paeruginosa018,0.315887643915224,0.5140000093988994,0.1701123466858766,DIBaS,Reference,4
Paeruginosa,Paeruginosa019,0.32511840458734087,0.4969314988977616,0.17795009651489752,DIBaS,Reference,4
Paeruginosa,Paeruginosa020,0.2754348896629845,0.5371718865233515,0.18739322381366408,DIBaS,Reference,4
Paeruginosa,Paeruginosa021,0.32054439585994643,0.4922858870837281,0.18716971705632546,DIBaS,Reference,4
Paeruginosa,Paeruginosa022,0.33386767451669447,0.5022566762416326,0.16387564924167294,DIBaS,Reference,4
Paeruginosa,Paeruginosa023,0.3336951448724697,0.4836627866757404,0.18264206845178985,DIBaS,Reference,4
Paeruginosa,Paeruginosa024,0.3418948075715661,0.5090914796680699,0.14901371276036401,DIBaS,Reference,4
Paeruginosa,Paeruginosa025,0.3384393604847388,0.5086777926161097,0.15288284689915152,DIBaS,Reference,4
Paeruginosa,Paeruginosa026,0.3168048410739515,0.5231234646394384,0.1600716942866101,DIBaS,Reference,4
Paeruginosa,Paeruginosa027,0.2627269764549492,0.5507434996679965,0.18652952387705432,DIBaS,Reference,4
Paeruginosa,Paeruginosa028,0.3097377443348034,0.5209140889909978,0.16934816667419877,DIBaS,Reference,4
Paeruginosa,Paeruginosa029,0.30497282574944423,0.5195765910418358,0.17545058320871987,DIBaS,Reference,4
Paeruginosa,Paeruginosa030,0.2906916328946218,0.4945506806669848,0.21475768643839338,DIBaS,Reference,4
Ecoli,Ecoli001,0.24453815521402694,0.5285653691394178,0.2268964756465553,DIBaS,Reference,5
Ecoli,Ecoli002,0.21108652300786543,0.5579125862727579,0.23100089071937677,DIBaS,Reference,5
Ecoli,Ecoli003,0.2829651950240659,0.5284495987618365,0.18858520621409758,DIBaS,Reference,5
Ecoli,Ecoli004,0.27000731778571835,0.5231091811545293,0.2068835010597523,DIBaS,Reference,5
Ecoli,Ecoli005,0.2948093320004189,0.4963836800235808,0.20880698797600025,DIBaS,Reference,5
Ecoli,Ecoli006,0.23540111307605532,0.517459268905452,0.24713961801849263,DIBaS,Reference,5
Ecoli,Ecoli007,0.19441752724070355,0.5912108408960015,0.21437163186329494,DIBaS,Reference,5
Ecoli,Ecoli008,0.22922907286895583,0.4535673394601836,0.31720358767086054,DIBaS,Reference,5
Ecoli,Ecoli009,0.2895965923202743,0.5080016774893213,0.20240173019040442,DIBaS,Reference,5
Ecoli,Ecoli010,0.2782882526321059,0.5054695384842153,0.21624220888367884,DIBaS,Reference,5
Ecoli,Ecoli011,0.3143610981222148,0.44452503387415737,0.2411138680036278,DIBaS,Reference,5
Ecoli,Ecoli012,0.31721255013506616,0.42131838159957047,0.26146906826536337,DIBaS,Reference,5
Ecoli,Ecoli013,0.3138095603228813,0.401341019593706,0.2848494200834127,DIBaS,Reference,5
Ecoli,Ecoli014,0.2706655558529002,0.5243666742047454,0.20496776994235447,DIBaS,Reference,5
Ecoli,Ecoli015,0.3009319604392783,0.4429907485618565,0.2560772909988652,DIBaS,Reference,5
Ecoli,Ecoli016,0.28544932441554616,0.4654519579583424,0.24909871762611147,DIBaS,Reference,5
Ecoli,Ecoli017,0.265384064534244,0.49174395042716085,0.24287198503859514,DIBaS,Reference,5
Ecoli,Ecoli018,0.3176429261146541,0.4799780548772678,0.2023790190080781,DIBaS,Reference,5
Ecoli,Ecoli019,0.3089763934495333,0.42192150689910907,0.26910209965135756,DIBaS,Reference,5
Ecoli,Ecoli020,0.2830575566944002,0.5015957361506502,0.21534670715494963,DIBaS,Reference,5
Ecoli,Ecoli021,0.30092648250255705,0.4615922267478205,0.23748129074962243,DIBaS,Reference,5
Ecoli,Ecoli022,0.30433580285821227,0.4533611366204041,0.24230306052138367,DIBaS,Reference,5
Ecoli,Ecoli023,0.2906036859017122,0.49897306163076,0.2104232524675278,DIBaS,Reference,5
Ecoli,Ecoli024,0.2784232467205778,0.5089341011964085,0.21264265208301378,DIBaS,Reference,5
Ecoli,Ecoli025,0.28777183689238744,0.505582100361127,0.20664606274648548,DIBaS,Reference,5
Ecoli,Ecoli026,0.29411293558310886,0.47705262338978044,0.2288344410271107,DIBaS,Reference,5
Ecoli,Ecoli027,0.3081419934327508,0.4639992305361849,0.2278587760310643,DIBaS,Reference,5
Ecoli,Ecoli028,0.3038019616762319,0.48046412064189403,0.21573391768187405,DIBaS,Reference,5
Ecoli,Ecoli029,0.2693766401887049,0.5181319905595753,0.21249136925171982,DIBaS,Reference,5
Ecoli,Ecoli030,0.29877830150980944,0.504319915056143,0.19690178343404754,DIBaS,Reference,5
Paeruginosa,Paeruginosa001,0.2765146292777055,0.5261327596721954,0.19735261105009913,DIBaS,Reference,5
Paeruginosa,Paeruginosa002,0.30997997134546285,0.49339883192259804,0.19662119673193912,DIBaS,Reference,5
Paeruginosa,Paeruginosa003,0.29416709989409773,0.5081726059118921,0.19766029419401024,DIBaS,Reference,5
Paeruginosa,Paeruginosa004,0.31108753508758,0.5277991235386994,0.1611133413737206,DIBaS,Reference,5
Paeruginosa,Paeruginosa005,0.3166877389194812,0.509710011644207,0.1736022494363118,DIBaS,Reference,5
Paeruginosa,Paeruginosa006,0.298736297770535,0.5213726527492206,0.17989104948024434,DIBaS,Reference,5
Paeruginosa,Paeruginosa007,0.33617110559383895,0.4838218852495156,0.18000700915664544,DIBaS,Reference,5
Paeruginosa,Paeruginosa008,0.3009727997386709,0.5163279574685559,0.18269924279277322,DIBaS,Reference,5
Paeruginosa,Paeruginosa009,0.27720641857785017,0.535329664061004,0.1874639173611458,DIBaS,Reference,5
Paeruginosa,Paeruginosa010,0.2890241641166557,0.5139758666488221,0.19699996923452218,DIBaS,Reference,5
Paeruginosa,Paeruginosa011,0.3052948795374783,0.49982298654540114,0.19488213391712053,DIBaS,Reference,5
Paeruginosa,Paeruginosa012,0.2910168884747168,0.5350791247638449,0.1739039867614383,DIBaS,Reference,5
Paeruginosa,Paeruginosa013,0.2884367987784189,0.5188912871838647,0.1926719140377164,DIBaS,Reference,5
Paeruginosa,Paeruginosa014,0.29145242999071647,0.5063331832068251,0.20221438680245848,DIBaS,Reference,5
Paeruginosa,Paeruginosa015,0.2495638746791437,0.5545403429360161,0.19589578238484018,DIBaS,Reference,5
Paeruginosa,Paeruginosa016,0.30315663588044567,0.5160763299170691,0.18076703420248524,DIBaS,Reference,5
Paeruginosa,Paeruginosa017,0.30153827441502373,0.49283094610962375,0.20563077947535252,DIBaS,Reference,5
Paeruginosa,Paeruginosa018,0.3278268385747823,0.5000728287854743,0.17210033263974342,DIBaS,Reference,5
Paeruginosa,Paeruginosa019,0.31218207627821937,0.49771969210037204,0.19009823162140857,DIBaS,Reference,5
Paeruginosa,Paeruginosa020,0.27447143774338345,0.5262823648139799,0.19924619744263666,DIBaS,Reference,5
Paeruginosa,Paeruginosa021,0.3192777739224384,0.4871932698708208,0.19352895620674082,DIBaS,Reference,5
Paeruginosa,Paeruginosa022,0.32466085843453857,0.4943507142060124,0.18098842735944903,DIBaS,Reference,5
Paeruginosa,Paeruginosa023,0.32882034476398886,0.4849878216338595,0.18619183360215164,DIBaS,Reference,5
Paeruginosa,Paeruginosa024,0.3409425175991857,0.4888900077968028,0.17016747460401146,DIBaS,Reference,5
Paeruginosa,Paeruginosa025,0.33027622326980294,0.5025443956676888,0.16717938106250824,DIBaS,Reference,5
Paeruginosa,Paeruginosa026,0.3105542894370467,0.5157592488716252,0.1736864616913281,DIBaS,Reference,5
Paeruginosa,Paeruginosa027,0.25626236996179824,0.554147058646981,0.18959057139122082,DIBaS,Reference,5
Paeruginosa,Paeruginosa028,0.296085121511633,0.5171556764256351,0.18675920206273192,DIBaS,Reference,5
Paeruginosa,Paeruginosa029,0.3036870427255411,0.5099205677832396,0.1863923894912194,DIBaS,Reference,5
Paeruginosa,Paeruginosa030,0.28576131436377367,0.5009147178389927,0.21332396779723367,DIBaS,Reference,5
